message,attributes,tags,timestamp
Starting Container,"{""level"":""info""}","{""project"":""13496585-dc4c-4bff-9839-9b9a20639704"",""environment"":""ef7ebcb9-bf85-4373-be26-2cf0827b4ae9"",""service"":""d72b57af-6b60-4703-8732-04b4176eb5ae"",""deployment"":""0bb14cd8-95d6-4e01-8857-8dadb1fb3c25"",""replica"":""f179d5f4-6750-4183-a982-4f6b9a13f712""}",2025-09-29T08:59:47.000000000Z
INFO:     Started server process [2],"{""level"":""error""}","{""project"":""13496585-dc4c-4bff-9839-9b9a20639704"",""environment"":""ef7ebcb9-bf85-4373-be26-2cf0827b4ae9"",""service"":""d72b57af-6b60-4703-8732-04b4176eb5ae"",""deployment"":""0bb14cd8-95d6-4e01-8857-8dadb1fb3c25"",""replica"":""f179d5f4-6750-4183-a982-4f6b9a13f712""}",2025-09-29T08:59:49.194359286Z
INFO:     Waiting for application startup.,"{""level"":""error""}","{""project"":""13496585-dc4c-4bff-9839-9b9a20639704"",""environment"":""ef7ebcb9-bf85-4373-be26-2cf0827b4ae9"",""service"":""d72b57af-6b60-4703-8732-04b4176eb5ae"",""deployment"":""0bb14cd8-95d6-4e01-8857-8dadb1fb3c25"",""replica"":""f179d5f4-6750-4183-a982-4f6b9a13f712""}",2025-09-29T08:59:49.194369593Z
INFO:     Application startup complete.,"{""level"":""error""}","{""project"":""13496585-dc4c-4bff-9839-9b9a20639704"",""environment"":""ef7ebcb9-bf85-4373-be26-2cf0827b4ae9"",""service"":""d72b57af-6b60-4703-8732-04b4176eb5ae"",""deployment"":""0bb14cd8-95d6-4e01-8857-8dadb1fb3c25"",""replica"":""f179d5f4-6750-4183-a982-4f6b9a13f712""}",2025-09-29T08:59:49.194375125Z
INFO:     Uvicorn running on http://0.0.0.0:8080 (Press CTRL+C to quit),"{""level"":""error""}","{""project"":""13496585-dc4c-4bff-9839-9b9a20639704"",""environment"":""ef7ebcb9-bf85-4373-be26-2cf0827b4ae9"",""service"":""d72b57af-6b60-4703-8732-04b4176eb5ae"",""deployment"":""0bb14cd8-95d6-4e01-8857-8dadb1fb3c25"",""replica"":""f179d5f4-6750-4183-a982-4f6b9a13f712""}",2025-09-29T08:59:49.194380215Z
"INFO:     100.64.0.2:45106 - ""OPTIONS /api/send-verification-code HTTP/1.1"" 200 OK","{""level"":""info""}","{""project"":""13496585-dc4c-4bff-9839-9b9a20639704"",""environment"":""ef7ebcb9-bf85-4373-be26-2cf0827b4ae9"",""service"":""d72b57af-6b60-4703-8732-04b4176eb5ae"",""deployment"":""0bb14cd8-95d6-4e01-8857-8dadb1fb3c25"",""replica"":""f179d5f4-6750-4183-a982-4f6b9a13f712""}",2025-09-29T09:00:29.202349879Z
为 harrishuang494@gmail.com 存储的验证码: 603541,"{""level"":""info""}","{""project"":""13496585-dc4c-4bff-9839-9b9a20639704"",""environment"":""ef7ebcb9-bf85-4373-be26-2cf0827b4ae9"",""service"":""d72b57af-6b60-4703-8732-04b4176eb5ae"",""deployment"":""0bb14cd8-95d6-4e01-8857-8dadb1fb3c25"",""replica"":""f179d5f4-6750-4183-a982-4f6b9a13f712""}",2025-09-29T09:02:39.272348940Z
Resend 发送失败，降级到下一通道： HTTP Error 403: Forbidden,"{""level"":""info""}","{""project"":""13496585-dc4c-4bff-9839-9b9a20639704"",""environment"":""ef7ebcb9-bf85-4373-be26-2cf0827b4ae9"",""service"":""d72b57af-6b60-4703-8732-04b4176eb5ae"",""deployment"":""0bb14cd8-95d6-4e01-8857-8dadb1fb3c25"",""replica"":""f179d5f4-6750-4183-a982-4f6b9a13f712""}",2025-09-29T09:02:39.272358817Z
邮件发送失败: [Errno 101] Network is unreachable,"{""level"":""info""}","{""project"":""13496585-dc4c-4bff-9839-9b9a20639704"",""environment"":""ef7ebcb9-bf85-4373-be26-2cf0827b4ae9"",""service"":""d72b57af-6b60-4703-8732-04b4176eb5ae"",""deployment"":""0bb14cd8-95d6-4e01-8857-8dadb1fb3c25"",""replica"":""f179d5f4-6750-4183-a982-4f6b9a13f712""}",2025-09-29T09:02:39.272367521Z
--- 发送邮件（备用方案）---,"{""level"":""info""}","{""project"":""13496585-dc4c-4bff-9839-9b9a20639704"",""environment"":""ef7ebcb9-bf85-4373-be26-2cf0827b4ae9"",""service"":""d72b57af-6b60-4703-8732-04b4176eb5ae"",""deployment"":""0bb14cd8-95d6-4e01-8857-8dadb1fb3c25"",""replica"":""f179d5f4-6750-4183-a982-4f6b9a13f712""}",2025-09-29T09:02:39.272372996Z
收件人: harrishuang494@gmail.com,"{""level"":""info""}","{""project"":""13496585-dc4c-4bff-9839-9b9a20639704"",""environment"":""ef7ebcb9-bf85-4373-be26-2cf0827b4ae9"",""service"":""d72b57af-6b60-4703-8732-04b4176eb5ae"",""deployment"":""0bb14cd8-95d6-4e01-8857-8dadb1fb3c25"",""replica"":""f179d5f4-6750-4183-a982-4f6b9a13f712""}",2025-09-29T09:02:39.272378954Z
主题: 您的注册验证码,"{""level"":""info""}","{""project"":""13496585-dc4c-4bff-9839-9b9a20639704"",""environment"":""ef7ebcb9-bf85-4373-be26-2cf0827b4ae9"",""service"":""d72b57af-6b60-4703-8732-04b4176eb5ae"",""deployment"":""0bb14cd8-95d6-4e01-8857-8dadb1fb3c25"",""replica"":""f179d5f4-6750-4183-a982-4f6b9a13f712""}",2025-09-29T09:02:39.272384315Z
内容: 您好，,"{""level"":""info""}","{""project"":""13496585-dc4c-4bff-9839-9b9a20639704"",""environment"":""ef7ebcb9-bf85-4373-be26-2cf0827b4ae9"",""service"":""d72b57af-6b60-4703-8732-04b4176eb5ae"",""deployment"":""0bb14cd8-95d6-4e01-8857-8dadb1fb3c25"",""replica"":""f179d5f4-6750-4183-a982-4f6b9a13f712""}",2025-09-29T09:02:39.272389897Z
,"{""level"":""info""}","{""project"":""13496585-dc4c-4bff-9839-9b9a20639704"",""environment"":""ef7ebcb9-bf85-4373-be26-2cf0827b4ae9"",""service"":""d72b57af-6b60-4703-8732-04b4176eb5ae"",""deployment"":""0bb14cd8-95d6-4e01-8857-8dadb1fb3c25"",""replica"":""f179d5f4-6750-4183-a982-4f6b9a13f712""}",2025-09-29T09:02:39.272395412Z
感谢您注册！您的验证码是：603541,"{""level"":""info""}","{""project"":""13496585-dc4c-4bff-9839-9b9a20639704"",""environment"":""ef7ebcb9-bf85-4373-be26-2cf0827b4ae9"",""service"":""d72b57af-6b60-4703-8732-04b4176eb5ae"",""deployment"":""0bb14cd8-95d6-4e01-8857-8dadb1fb3c25"",""replica"":""f179d5f4-6750-4183-a982-4f6b9a13f712""}",2025-09-29T09:02:39.272401987Z
,"{""level"":""info""}","{""project"":""13496585-dc4c-4bff-9839-9b9a20639704"",""environment"":""ef7ebcb9-bf85-4373-be26-2cf0827b4ae9"",""service"":""d72b57af-6b60-4703-8732-04b4176eb5ae"",""deployment"":""0bb14cd8-95d6-4e01-8857-8dadb1fb3c25"",""replica"":""f179d5f4-6750-4183-a982-4f6b9a13f712""}",2025-09-29T09:02:39.272408469Z
此验证码将在10分钟后失效。,"{""level"":""info""}","{""project"":""13496585-dc4c-4bff-9839-9b9a20639704"",""environment"":""ef7ebcb9-bf85-4373-be26-2cf0827b4ae9"",""service"":""d72b57af-6b60-4703-8732-04b4176eb5ae"",""deployment"":""0bb14cd8-95d6-4e01-8857-8dadb1fb3c25"",""replica"":""f179d5f4-6750-4183-a982-4f6b9a13f712""}",2025-09-29T09:02:39.272415242Z
,"{""level"":""info""}","{""project"":""13496585-dc4c-4bff-9839-9b9a20639704"",""environment"":""ef7ebcb9-bf85-4373-be26-2cf0827b4ae9"",""service"":""d72b57af-6b60-4703-8732-04b4176eb5ae"",""deployment"":""0bb14cd8-95d6-4e01-8857-8dadb1fb3c25"",""replica"":""f179d5f4-6750-4183-a982-4f6b9a13f712""}",2025-09-29T09:02:39.272421273Z
如果您没有请求此验证码，请忽略此邮件。,"{""level"":""info""}","{""project"":""13496585-dc4c-4bff-9839-9b9a20639704"",""environment"":""ef7ebcb9-bf85-4373-be26-2cf0827b4ae9"",""service"":""d72b57af-6b60-4703-8732-04b4176eb5ae"",""deployment"":""0bb14cd8-95d6-4e01-8857-8dadb1fb3c25"",""replica"":""f179d5f4-6750-4183-a982-4f6b9a13f712""}",2025-09-29T09:02:39.272426683Z
,"{""level"":""info""}","{""project"":""13496585-dc4c-4bff-9839-9b9a20639704"",""environment"":""ef7ebcb9-bf85-4373-be26-2cf0827b4ae9"",""service"":""d72b57af-6b60-4703-8732-04b4176eb5ae"",""deployment"":""0bb14cd8-95d6-4e01-8857-8dadb1fb3c25"",""replica"":""f179d5f4-6750-4183-a982-4f6b9a13f712""}",2025-09-29T09:02:39.272431839Z
祝好！,"{""level"":""info""}","{""project"":""13496585-dc4c-4bff-9839-9b9a20639704"",""environment"":""ef7ebcb9-bf85-4373-be26-2cf0827b4ae9"",""service"":""d72b57af-6b60-4703-8732-04b4176eb5ae"",""deployment"":""0bb14cd8-95d6-4e01-8857-8dadb1fb3c25"",""replica"":""f179d5f4-6750-4183-a982-4f6b9a13f712""}",2025-09-29T09:02:39.272437243Z
-----------------------,"{""level"":""info""}","{""project"":""13496585-dc4c-4bff-9839-9b9a20639704"",""environment"":""ef7ebcb9-bf85-4373-be26-2cf0827b4ae9"",""service"":""d72b57af-6b60-4703-8732-04b4176eb5ae"",""deployment"":""0bb14cd8-95d6-4e01-8857-8dadb1fb3c25"",""replica"":""f179d5f4-6750-4183-a982-4f6b9a13f712""}",2025-09-29T09:02:39.272447720Z
邮件发送失败: [Errno 101] Network is unreachable,"{""level"":""info""}","{""project"":""13496585-dc4c-4bff-9839-9b9a20639704"",""environment"":""ef7ebcb9-bf85-4373-be26-2cf0827b4ae9"",""service"":""d72b57af-6b60-4703-8732-04b4176eb5ae"",""deployment"":""0bb14cd8-95d6-4e01-8857-8dadb1fb3c25"",""replica"":""f179d5f4-6750-4183-a982-4f6b9a13f712""}",2025-09-29T09:02:39.272454295Z
向 harrishuang494@gmail.com 发送的验证码是: 603541,"{""level"":""info""}","{""project"":""13496585-dc4c-4bff-9839-9b9a20639704"",""environment"":""ef7ebcb9-bf85-4373-be26-2cf0827b4ae9"",""service"":""d72b57af-6b60-4703-8732-04b4176eb5ae"",""deployment"":""0bb14cd8-95d6-4e01-8857-8dadb1fb3c25"",""replica"":""f179d5f4-6750-4183-a982-4f6b9a13f712""}",2025-09-29T09:02:39.272458897Z
"INFO:     100.64.0.2:45106 - ""POST /api/send-verification-code HTTP/1.1"" 200 OK","{""level"":""info""}","{""project"":""13496585-dc4c-4bff-9839-9b9a20639704"",""environment"":""ef7ebcb9-bf85-4373-be26-2cf0827b4ae9"",""service"":""d72b57af-6b60-4703-8732-04b4176eb5ae"",""deployment"":""0bb14cd8-95d6-4e01-8857-8dadb1fb3c25"",""replica"":""f179d5f4-6750-4183-a982-4f6b9a13f712""}",2025-09-29T09:02:39.272463913Z
"INFO:     100.64.0.3:36534 - ""OPTIONS /api/register HTTP/1.1"" 200 OK","{""level"":""info""}","{""project"":""13496585-dc4c-4bff-9839-9b9a20639704"",""environment"":""ef7ebcb9-bf85-4373-be26-2cf0827b4ae9"",""service"":""d72b57af-6b60-4703-8732-04b4176eb5ae"",""deployment"":""0bb14cd8-95d6-4e01-8857-8dadb1fb3c25"",""replica"":""f179d5f4-6750-4183-a982-4f6b9a13f712""}",2025-09-29T09:04:09.329667514Z
(trapped) error reading bcrypt version,"{""level"":""error""}","{""project"":""13496585-dc4c-4bff-9839-9b9a20639704"",""environment"":""ef7ebcb9-bf85-4373-be26-2cf0827b4ae9"",""service"":""d72b57af-6b60-4703-8732-04b4176eb5ae"",""deployment"":""0bb14cd8-95d6-4e01-8857-8dadb1fb3c25"",""replica"":""f179d5f4-6750-4183-a982-4f6b9a13f712""}",2025-09-29T09:04:09.329674278Z
Traceback (most recent call last):,"{""level"":""error""}","{""project"":""13496585-dc4c-4bff-9839-9b9a20639704"",""environment"":""ef7ebcb9-bf85-4373-be26-2cf0827b4ae9"",""service"":""d72b57af-6b60-4703-8732-04b4176eb5ae"",""deployment"":""0bb14cd8-95d6-4e01-8857-8dadb1fb3c25"",""replica"":""f179d5f4-6750-4183-a982-4f6b9a13f712""}",2025-09-29T09:04:09.329679405Z
"  File ""/usr/local/lib/python3.11/site-packages/passlib/handlers/bcrypt.py"", line 620, in _load_backend_mixin","{""level"":""error""}","{""project"":""13496585-dc4c-4bff-9839-9b9a20639704"",""environment"":""ef7ebcb9-bf85-4373-be26-2cf0827b4ae9"",""service"":""d72b57af-6b60-4703-8732-04b4176eb5ae"",""deployment"":""0bb14cd8-95d6-4e01-8857-8dadb1fb3c25"",""replica"":""f179d5f4-6750-4183-a982-4f6b9a13f712""}",2025-09-29T09:04:09.329687681Z
    version = _bcrypt.__about__.__version__,"{""level"":""error""}","{""project"":""13496585-dc4c-4bff-9839-9b9a20639704"",""environment"":""ef7ebcb9-bf85-4373-be26-2cf0827b4ae9"",""service"":""d72b57af-6b60-4703-8732-04b4176eb5ae"",""deployment"":""0bb14cd8-95d6-4e01-8857-8dadb1fb3c25"",""replica"":""f179d5f4-6750-4183-a982-4f6b9a13f712""}",2025-09-29T09:04:09.329692787Z
              ^^^^^^^^^^^^^^^^^,"{""level"":""error""}","{""project"":""13496585-dc4c-4bff-9839-9b9a20639704"",""environment"":""ef7ebcb9-bf85-4373-be26-2cf0827b4ae9"",""service"":""d72b57af-6b60-4703-8732-04b4176eb5ae"",""deployment"":""0bb14cd8-95d6-4e01-8857-8dadb1fb3c25"",""replica"":""f179d5f4-6750-4183-a982-4f6b9a13f712""}",2025-09-29T09:04:09.329697234Z
AttributeError: module 'bcrypt' has no attribute '__about__',"{""level"":""error""}","{""project"":""13496585-dc4c-4bff-9839-9b9a20639704"",""environment"":""ef7ebcb9-bf85-4373-be26-2cf0827b4ae9"",""service"":""d72b57af-6b60-4703-8732-04b4176eb5ae"",""deployment"":""0bb14cd8-95d6-4e01-8857-8dadb1fb3c25"",""replica"":""f179d5f4-6750-4183-a982-4f6b9a13f712""}",2025-09-29T09:04:09.329703338Z
"INFO:     100.64.0.3:36534 - ""POST /api/register HTTP/1.1"" 500 Internal Server Error","{""level"":""info""}","{""project"":""13496585-dc4c-4bff-9839-9b9a20639704"",""environment"":""ef7ebcb9-bf85-4373-be26-2cf0827b4ae9"",""service"":""d72b57af-6b60-4703-8732-04b4176eb5ae"",""deployment"":""0bb14cd8-95d6-4e01-8857-8dadb1fb3c25"",""replica"":""f179d5f4-6750-4183-a982-4f6b9a13f712""}",2025-09-29T09:04:09.329709713Z
ERROR:    Exception in ASGI application,"{""level"":""error""}","{""project"":""13496585-dc4c-4bff-9839-9b9a20639704"",""environment"":""ef7ebcb9-bf85-4373-be26-2cf0827b4ae9"",""service"":""d72b57af-6b60-4703-8732-04b4176eb5ae"",""deployment"":""0bb14cd8-95d6-4e01-8857-8dadb1fb3c25"",""replica"":""f179d5f4-6750-4183-a982-4f6b9a13f712""}",2025-09-29T09:04:09.329715365Z
Traceback (most recent call last):,"{""level"":""error""}","{""project"":""13496585-dc4c-4bff-9839-9b9a20639704"",""environment"":""ef7ebcb9-bf85-4373-be26-2cf0827b4ae9"",""service"":""d72b57af-6b60-4703-8732-04b4176eb5ae"",""deployment"":""0bb14cd8-95d6-4e01-8857-8dadb1fb3c25"",""replica"":""f179d5f4-6750-4183-a982-4f6b9a13f712""}",2025-09-29T09:04:09.329721864Z
"  File ""/usr/local/lib/python3.11/site-packages/uvicorn/protocols/http/httptools_impl.py"", line 409, in run_asgi","{""level"":""error""}","{""project"":""13496585-dc4c-4bff-9839-9b9a20639704"",""environment"":""ef7ebcb9-bf85-4373-be26-2cf0827b4ae9"",""service"":""d72b57af-6b60-4703-8732-04b4176eb5ae"",""deployment"":""0bb14cd8-95d6-4e01-8857-8dadb1fb3c25"",""replica"":""f179d5f4-6750-4183-a982-4f6b9a13f712""}",2025-09-29T09:04:09.329727658Z
    result = await app(  # type: ignore[func-returns-value],"{""level"":""error""}","{""project"":""13496585-dc4c-4bff-9839-9b9a20639704"",""environment"":""ef7ebcb9-bf85-4373-be26-2cf0827b4ae9"",""service"":""d72b57af-6b60-4703-8732-04b4176eb5ae"",""deployment"":""0bb14cd8-95d6-4e01-8857-8dadb1fb3c25"",""replica"":""f179d5f4-6750-4183-a982-4f6b9a13f712""}",2025-09-29T09:04:09.329733599Z
             ^^^^^^^^^^^^^^^^^^^^^^^^^^^^^^^^^^^^^^^^^^^^^^,"{""level"":""error""}","{""project"":""13496585-dc4c-4bff-9839-9b9a20639704"",""environment"":""ef7ebcb9-bf85-4373-be26-2cf0827b4ae9"",""service"":""d72b57af-6b60-4703-8732-04b4176eb5ae"",""deployment"":""0bb14cd8-95d6-4e01-8857-8dadb1fb3c25"",""replica"":""f179d5f4-6750-4183-a982-4f6b9a13f712""}",2025-09-29T09:04:09.329738881Z
"  File ""/usr/local/lib/python3.11/site-packages/uvicorn/middleware/proxy_headers.py"", line 60, in __call__","{""level"":""error""}","{""project"":""13496585-dc4c-4bff-9839-9b9a20639704"",""environment"":""ef7ebcb9-bf85-4373-be26-2cf0827b4ae9"",""service"":""d72b57af-6b60-4703-8732-04b4176eb5ae"",""deployment"":""0bb14cd8-95d6-4e01-8857-8dadb1fb3c25"",""replica"":""f179d5f4-6750-4183-a982-4f6b9a13f712""}",2025-09-29T09:04:09.329745150Z
"    return await self.app(scope, receive, send)","{""level"":""error""}","{""project"":""13496585-dc4c-4bff-9839-9b9a20639704"",""environment"":""ef7ebcb9-bf85-4373-be26-2cf0827b4ae9"",""service"":""d72b57af-6b60-4703-8732-04b4176eb5ae"",""deployment"":""0bb14cd8-95d6-4e01-8857-8dadb1fb3c25"",""replica"":""f179d5f4-6750-4183-a982-4f6b9a13f712""}",2025-09-29T09:04:09.329751609Z
           ^^^^^^^^^^^^^^^^^^^^^^^^^^^^^^^^^^^^,"{""level"":""error""}","{""project"":""13496585-dc4c-4bff-9839-9b9a20639704"",""environment"":""ef7ebcb9-bf85-4373-be26-2cf0827b4ae9"",""service"":""d72b57af-6b60-4703-8732-04b4176eb5ae"",""deployment"":""0bb14cd8-95d6-4e01-8857-8dadb1fb3c25"",""replica"":""f179d5f4-6750-4183-a982-4f6b9a13f712""}",2025-09-29T09:04:09.329758064Z
"  File ""/usr/local/lib/python3.11/site-packages/fastapi/applications.py"", line 1133, in __call__","{""level"":""error""}","{""project"":""13496585-dc4c-4bff-9839-9b9a20639704"",""environment"":""ef7ebcb9-bf85-4373-be26-2cf0827b4ae9"",""service"":""d72b57af-6b60-4703-8732-04b4176eb5ae"",""deployment"":""0bb14cd8-95d6-4e01-8857-8dadb1fb3c25"",""replica"":""f179d5f4-6750-4183-a982-4f6b9a13f712""}",2025-09-29T09:04:09.329763430Z
"    await super().__call__(scope, receive, send)","{""level"":""error""}","{""project"":""13496585-dc4c-4bff-9839-9b9a20639704"",""environment"":""ef7ebcb9-bf85-4373-be26-2cf0827b4ae9"",""service"":""d72b57af-6b60-4703-8732-04b4176eb5ae"",""deployment"":""0bb14cd8-95d6-4e01-8857-8dadb1fb3c25"",""replica"":""f179d5f4-6750-4183-a982-4f6b9a13f712""}",2025-09-29T09:04:09.329770452Z
"  File ""/usr/local/lib/python3.11/site-packages/starlette/applications.py"", line 113, in __call__","{""level"":""error""}","{""project"":""13496585-dc4c-4bff-9839-9b9a20639704"",""environment"":""ef7ebcb9-bf85-4373-be26-2cf0827b4ae9"",""service"":""d72b57af-6b60-4703-8732-04b4176eb5ae"",""deployment"":""0bb14cd8-95d6-4e01-8857-8dadb1fb3c25"",""replica"":""f179d5f4-6750-4183-a982-4f6b9a13f712""}",2025-09-29T09:04:09.329777116Z
"    await self.middleware_stack(scope, receive, send)","{""level"":""error""}","{""project"":""13496585-dc4c-4bff-9839-9b9a20639704"",""environment"":""ef7ebcb9-bf85-4373-be26-2cf0827b4ae9"",""service"":""d72b57af-6b60-4703-8732-04b4176eb5ae"",""deployment"":""0bb14cd8-95d6-4e01-8857-8dadb1fb3c25"",""replica"":""f179d5f4-6750-4183-a982-4f6b9a13f712""}",2025-09-29T09:04:09.329813929Z
"  File ""/usr/local/lib/python3.11/site-packages/starlette/middleware/errors.py"", line 186, in __call__","{""level"":""error""}","{""project"":""13496585-dc4c-4bff-9839-9b9a20639704"",""environment"":""ef7ebcb9-bf85-4373-be26-2cf0827b4ae9"",""service"":""d72b57af-6b60-4703-8732-04b4176eb5ae"",""deployment"":""0bb14cd8-95d6-4e01-8857-8dadb1fb3c25"",""replica"":""f179d5f4-6750-4183-a982-4f6b9a13f712""}",2025-09-29T09:04:09.329820022Z
    raise exc,"{""level"":""error""}","{""project"":""13496585-dc4c-4bff-9839-9b9a20639704"",""environment"":""ef7ebcb9-bf85-4373-be26-2cf0827b4ae9"",""service"":""d72b57af-6b60-4703-8732-04b4176eb5ae"",""deployment"":""0bb14cd8-95d6-4e01-8857-8dadb1fb3c25"",""replica"":""f179d5f4-6750-4183-a982-4f6b9a13f712""}",2025-09-29T09:04:09.329827512Z
"  File ""/usr/local/lib/python3.11/site-packages/starlette/middleware/errors.py"", line 164, in __call__","{""level"":""error""}","{""project"":""13496585-dc4c-4bff-9839-9b9a20639704"",""environment"":""ef7ebcb9-bf85-4373-be26-2cf0827b4ae9"",""service"":""d72b57af-6b60-4703-8732-04b4176eb5ae"",""deployment"":""0bb14cd8-95d6-4e01-8857-8dadb1fb3c25"",""replica"":""f179d5f4-6750-4183-a982-4f6b9a13f712""}",2025-09-29T09:04:09.329834282Z
"    await self.app(scope, receive, _send)","{""level"":""error""}","{""project"":""13496585-dc4c-4bff-9839-9b9a20639704"",""environment"":""ef7ebcb9-bf85-4373-be26-2cf0827b4ae9"",""service"":""d72b57af-6b60-4703-8732-04b4176eb5ae"",""deployment"":""0bb14cd8-95d6-4e01-8857-8dadb1fb3c25"",""replica"":""f179d5f4-6750-4183-a982-4f6b9a13f712""}",2025-09-29T09:04:09.329842481Z
"  File ""/usr/local/lib/python3.11/site-packages/starlette/middleware/cors.py"", line 93, in __call__","{""level"":""error""}","{""project"":""13496585-dc4c-4bff-9839-9b9a20639704"",""environment"":""ef7ebcb9-bf85-4373-be26-2cf0827b4ae9"",""service"":""d72b57af-6b60-4703-8732-04b4176eb5ae"",""deployment"":""0bb14cd8-95d6-4e01-8857-8dadb1fb3c25"",""replica"":""f179d5f4-6750-4183-a982-4f6b9a13f712""}",2025-09-29T09:04:09.329849174Z
"    await self.simple_response(scope, receive, send, request_headers=headers)","{""level"":""error""}","{""project"":""13496585-dc4c-4bff-9839-9b9a20639704"",""environment"":""ef7ebcb9-bf85-4373-be26-2cf0827b4ae9"",""service"":""d72b57af-6b60-4703-8732-04b4176eb5ae"",""deployment"":""0bb14cd8-95d6-4e01-8857-8dadb1fb3c25"",""replica"":""f179d5f4-6750-4183-a982-4f6b9a13f712""}",2025-09-29T09:04:09.329855324Z
"  File ""/usr/local/lib/python3.11/site-packages/starlette/middleware/cors.py"", line 144, in simple_response","{""level"":""error""}","{""project"":""13496585-dc4c-4bff-9839-9b9a20639704"",""environment"":""ef7ebcb9-bf85-4373-be26-2cf0827b4ae9"",""service"":""d72b57af-6b60-4703-8732-04b4176eb5ae"",""deployment"":""0bb14cd8-95d6-4e01-8857-8dadb1fb3c25"",""replica"":""f179d5f4-6750-4183-a982-4f6b9a13f712""}",2025-09-29T09:04:09.329862082Z
"    await self.app(scope, receive, send)","{""level"":""error""}","{""project"":""13496585-dc4c-4bff-9839-9b9a20639704"",""environment"":""ef7ebcb9-bf85-4373-be26-2cf0827b4ae9"",""service"":""d72b57af-6b60-4703-8732-04b4176eb5ae"",""deployment"":""0bb14cd8-95d6-4e01-8857-8dadb1fb3c25"",""replica"":""f179d5f4-6750-4183-a982-4f6b9a13f712""}",2025-09-29T09:04:09.329867792Z
"  File ""/usr/local/lib/python3.11/site-packages/starlette/middleware/exceptions.py"", line 63, in __call__","{""level"":""error""}","{""project"":""13496585-dc4c-4bff-9839-9b9a20639704"",""environment"":""ef7ebcb9-bf85-4373-be26-2cf0827b4ae9"",""service"":""d72b57af-6b60-4703-8732-04b4176eb5ae"",""deployment"":""0bb14cd8-95d6-4e01-8857-8dadb1fb3c25"",""replica"":""f179d5f4-6750-4183-a982-4f6b9a13f712""}",2025-09-29T09:04:09.329873308Z
"    await wrap_app_handling_exceptions(self.app, conn)(scope, receive, send)","{""level"":""error""}","{""project"":""13496585-dc4c-4bff-9839-9b9a20639704"",""environment"":""ef7ebcb9-bf85-4373-be26-2cf0827b4ae9"",""service"":""d72b57af-6b60-4703-8732-04b4176eb5ae"",""deployment"":""0bb14cd8-95d6-4e01-8857-8dadb1fb3c25"",""replica"":""f179d5f4-6750-4183-a982-4f6b9a13f712""}",2025-09-29T09:04:09.329878965Z
"  File ""/usr/local/lib/python3.11/site-packages/starlette/_exception_handler.py"", line 53, in wrapped_app","{""level"":""error""}","{""project"":""13496585-dc4c-4bff-9839-9b9a20639704"",""environment"":""ef7ebcb9-bf85-4373-be26-2cf0827b4ae9"",""service"":""d72b57af-6b60-4703-8732-04b4176eb5ae"",""deployment"":""0bb14cd8-95d6-4e01-8857-8dadb1fb3c25"",""replica"":""f179d5f4-6750-4183-a982-4f6b9a13f712""}",2025-09-29T09:04:09.329886568Z
    raise exc,"{""level"":""error""}","{""project"":""13496585-dc4c-4bff-9839-9b9a20639704"",""environment"":""ef7ebcb9-bf85-4373-be26-2cf0827b4ae9"",""service"":""d72b57af-6b60-4703-8732-04b4176eb5ae"",""deployment"":""0bb14cd8-95d6-4e01-8857-8dadb1fb3c25"",""replica"":""f179d5f4-6750-4183-a982-4f6b9a13f712""}",2025-09-29T09:04:09.329892994Z
"  File ""/usr/local/lib/python3.11/site-packages/starlette/_exception_handler.py"", line 42, in wrapped_app","{""level"":""error""}","{""project"":""13496585-dc4c-4bff-9839-9b9a20639704"",""environment"":""ef7ebcb9-bf85-4373-be26-2cf0827b4ae9"",""service"":""d72b57af-6b60-4703-8732-04b4176eb5ae"",""deployment"":""0bb14cd8-95d6-4e01-8857-8dadb1fb3c25"",""replica"":""f179d5f4-6750-4183-a982-4f6b9a13f712""}",2025-09-29T09:04:09.329899657Z
"    await app(scope, receive, sender)","{""level"":""error""}","{""project"":""13496585-dc4c-4bff-9839-9b9a20639704"",""environment"":""ef7ebcb9-bf85-4373-be26-2cf0827b4ae9"",""service"":""d72b57af-6b60-4703-8732-04b4176eb5ae"",""deployment"":""0bb14cd8-95d6-4e01-8857-8dadb1fb3c25"",""replica"":""f179d5f4-6750-4183-a982-4f6b9a13f712""}",2025-09-29T09:04:09.329905839Z
"  File ""/usr/local/lib/python3.11/site-packages/fastapi/middleware/asyncexitstack.py"", line 18, in __call__","{""level"":""error""}","{""project"":""13496585-dc4c-4bff-9839-9b9a20639704"",""environment"":""ef7ebcb9-bf85-4373-be26-2cf0827b4ae9"",""service"":""d72b57af-6b60-4703-8732-04b4176eb5ae"",""deployment"":""0bb14cd8-95d6-4e01-8857-8dadb1fb3c25"",""replica"":""f179d5f4-6750-4183-a982-4f6b9a13f712""}",2025-09-29T09:04:09.329911918Z
"    await self.app(scope, receive, send)","{""level"":""error""}","{""project"":""13496585-dc4c-4bff-9839-9b9a20639704"",""environment"":""ef7ebcb9-bf85-4373-be26-2cf0827b4ae9"",""service"":""d72b57af-6b60-4703-8732-04b4176eb5ae"",""deployment"":""0bb14cd8-95d6-4e01-8857-8dadb1fb3c25"",""replica"":""f179d5f4-6750-4183-a982-4f6b9a13f712""}",2025-09-29T09:04:09.329917970Z
"  File ""/usr/local/lib/python3.11/site-packages/starlette/routing.py"", line 716, in __call__","{""level"":""error""}","{""project"":""13496585-dc4c-4bff-9839-9b9a20639704"",""environment"":""ef7ebcb9-bf85-4373-be26-2cf0827b4ae9"",""service"":""d72b57af-6b60-4703-8732-04b4176eb5ae"",""deployment"":""0bb14cd8-95d6-4e01-8857-8dadb1fb3c25"",""replica"":""f179d5f4-6750-4183-a982-4f6b9a13f712""}",2025-09-29T09:04:09.329924686Z
"    await self.middleware_stack(scope, receive, send)","{""level"":""error""}","{""project"":""13496585-dc4c-4bff-9839-9b9a20639704"",""environment"":""ef7ebcb9-bf85-4373-be26-2cf0827b4ae9"",""service"":""d72b57af-6b60-4703-8732-04b4176eb5ae"",""deployment"":""0bb14cd8-95d6-4e01-8857-8dadb1fb3c25"",""replica"":""f179d5f4-6750-4183-a982-4f6b9a13f712""}",2025-09-29T09:04:09.329932898Z
"  File ""/usr/local/lib/python3.11/site-packages/starlette/routing.py"", line 736, in app","{""level"":""error""}","{""project"":""13496585-dc4c-4bff-9839-9b9a20639704"",""environment"":""ef7ebcb9-bf85-4373-be26-2cf0827b4ae9"",""service"":""d72b57af-6b60-4703-8732-04b4176eb5ae"",""deployment"":""0bb14cd8-95d6-4e01-8857-8dadb1fb3c25"",""replica"":""f179d5f4-6750-4183-a982-4f6b9a13f712""}",2025-09-29T09:04:09.329938668Z
"    await route.handle(scope, receive, send)","{""level"":""error""}","{""project"":""13496585-dc4c-4bff-9839-9b9a20639704"",""environment"":""ef7ebcb9-bf85-4373-be26-2cf0827b4ae9"",""service"":""d72b57af-6b60-4703-8732-04b4176eb5ae"",""deployment"":""0bb14cd8-95d6-4e01-8857-8dadb1fb3c25"",""replica"":""f179d5f4-6750-4183-a982-4f6b9a13f712""}",2025-09-29T09:04:09.329944761Z
"  File ""/usr/local/lib/python3.11/site-packages/starlette/routing.py"", line 290, in handle","{""level"":""error""}","{""project"":""13496585-dc4c-4bff-9839-9b9a20639704"",""environment"":""ef7ebcb9-bf85-4373-be26-2cf0827b4ae9"",""service"":""d72b57af-6b60-4703-8732-04b4176eb5ae"",""deployment"":""0bb14cd8-95d6-4e01-8857-8dadb1fb3c25"",""replica"":""f179d5f4-6750-4183-a982-4f6b9a13f712""}",2025-09-29T09:04:09.329950585Z
"    await self.app(scope, receive, send)","{""level"":""error""}","{""project"":""13496585-dc4c-4bff-9839-9b9a20639704"",""environment"":""ef7ebcb9-bf85-4373-be26-2cf0827b4ae9"",""service"":""d72b57af-6b60-4703-8732-04b4176eb5ae"",""deployment"":""0bb14cd8-95d6-4e01-8857-8dadb1fb3c25"",""replica"":""f179d5f4-6750-4183-a982-4f6b9a13f712""}",2025-09-29T09:04:09.329956459Z
"  File ""/usr/local/lib/python3.11/site-packages/fastapi/routing.py"", line 123, in app","{""level"":""error""}","{""project"":""13496585-dc4c-4bff-9839-9b9a20639704"",""environment"":""ef7ebcb9-bf85-4373-be26-2cf0827b4ae9"",""service"":""d72b57af-6b60-4703-8732-04b4176eb5ae"",""deployment"":""0bb14cd8-95d6-4e01-8857-8dadb1fb3c25"",""replica"":""f179d5f4-6750-4183-a982-4f6b9a13f712""}",2025-09-29T09:04:09.329963786Z
"    await wrap_app_handling_exceptions(app, request)(scope, receive, send)","{""level"":""error""}","{""project"":""13496585-dc4c-4bff-9839-9b9a20639704"",""environment"":""ef7ebcb9-bf85-4373-be26-2cf0827b4ae9"",""service"":""d72b57af-6b60-4703-8732-04b4176eb5ae"",""deployment"":""0bb14cd8-95d6-4e01-8857-8dadb1fb3c25"",""replica"":""f179d5f4-6750-4183-a982-4f6b9a13f712""}",2025-09-29T09:04:09.329971857Z
"  File ""/usr/local/lib/python3.11/site-packages/starlette/_exception_handler.py"", line 53, in wrapped_app","{""level"":""error""}","{""project"":""13496585-dc4c-4bff-9839-9b9a20639704"",""environment"":""ef7ebcb9-bf85-4373-be26-2cf0827b4ae9"",""service"":""d72b57af-6b60-4703-8732-04b4176eb5ae"",""deployment"":""0bb14cd8-95d6-4e01-8857-8dadb1fb3c25"",""replica"":""f179d5f4-6750-4183-a982-4f6b9a13f712""}",2025-09-29T09:04:09.329978866Z
    raise exc,"{""level"":""error""}","{""project"":""13496585-dc4c-4bff-9839-9b9a20639704"",""environment"":""ef7ebcb9-bf85-4373-be26-2cf0827b4ae9"",""service"":""d72b57af-6b60-4703-8732-04b4176eb5ae"",""deployment"":""0bb14cd8-95d6-4e01-8857-8dadb1fb3c25"",""replica"":""f179d5f4-6750-4183-a982-4f6b9a13f712""}",2025-09-29T09:04:09.329984957Z
"  File ""/usr/local/lib/python3.11/site-packages/starlette/_exception_handler.py"", line 42, in wrapped_app","{""level"":""error""}","{""project"":""13496585-dc4c-4bff-9839-9b9a20639704"",""environment"":""ef7ebcb9-bf85-4373-be26-2cf0827b4ae9"",""service"":""d72b57af-6b60-4703-8732-04b4176eb5ae"",""deployment"":""0bb14cd8-95d6-4e01-8857-8dadb1fb3c25"",""replica"":""f179d5f4-6750-4183-a982-4f6b9a13f712""}",2025-09-29T09:04:09.329991355Z
"    await app(scope, receive, sender)","{""level"":""error""}","{""project"":""13496585-dc4c-4bff-9839-9b9a20639704"",""environment"":""ef7ebcb9-bf85-4373-be26-2cf0827b4ae9"",""service"":""d72b57af-6b60-4703-8732-04b4176eb5ae"",""deployment"":""0bb14cd8-95d6-4e01-8857-8dadb1fb3c25"",""replica"":""f179d5f4-6750-4183-a982-4f6b9a13f712""}",2025-09-29T09:04:09.329997637Z
"  File ""/usr/local/lib/python3.11/site-packages/fastapi/routing.py"", line 109, in app","{""level"":""error""}","{""project"":""13496585-dc4c-4bff-9839-9b9a20639704"",""environment"":""ef7ebcb9-bf85-4373-be26-2cf0827b4ae9"",""service"":""d72b57af-6b60-4703-8732-04b4176eb5ae"",""deployment"":""0bb14cd8-95d6-4e01-8857-8dadb1fb3c25"",""replica"":""f179d5f4-6750-4183-a982-4f6b9a13f712""}",2025-09-29T09:04:09.330003567Z
    response = await f(request),"{""level"":""error""}","{""project"":""13496585-dc4c-4bff-9839-9b9a20639704"",""environment"":""ef7ebcb9-bf85-4373-be26-2cf0827b4ae9"",""service"":""d72b57af-6b60-4703-8732-04b4176eb5ae"",""deployment"":""0bb14cd8-95d6-4e01-8857-8dadb1fb3c25"",""replica"":""f179d5f4-6750-4183-a982-4f6b9a13f712""}",2025-09-29T09:04:09.330009587Z
               ^^^^^^^^^^^^^^^^,"{""level"":""error""}","{""project"":""13496585-dc4c-4bff-9839-9b9a20639704"",""environment"":""ef7ebcb9-bf85-4373-be26-2cf0827b4ae9"",""service"":""d72b57af-6b60-4703-8732-04b4176eb5ae"",""deployment"":""0bb14cd8-95d6-4e01-8857-8dadb1fb3c25"",""replica"":""f179d5f4-6750-4183-a982-4f6b9a13f712""}",2025-09-29T09:04:09.330016545Z
"  File ""/usr/local/lib/python3.11/site-packages/fastapi/routing.py"", line 387, in app","{""level"":""error""}","{""project"":""13496585-dc4c-4bff-9839-9b9a20639704"",""environment"":""ef7ebcb9-bf85-4373-be26-2cf0827b4ae9"",""service"":""d72b57af-6b60-4703-8732-04b4176eb5ae"",""deployment"":""0bb14cd8-95d6-4e01-8857-8dadb1fb3c25"",""replica"":""f179d5f4-6750-4183-a982-4f6b9a13f712""}",2025-09-29T09:04:09.330022041Z
    raw_response = await run_endpoint_function(,"{""level"":""error""}","{""project"":""13496585-dc4c-4bff-9839-9b9a20639704"",""environment"":""ef7ebcb9-bf85-4373-be26-2cf0827b4ae9"",""service"":""d72b57af-6b60-4703-8732-04b4176eb5ae"",""deployment"":""0bb14cd8-95d6-4e01-8857-8dadb1fb3c25"",""replica"":""f179d5f4-6750-4183-a982-4f6b9a13f712""}",2025-09-29T09:04:09.330027870Z
                   ^^^^^^^^^^^^^^^^^^^^^^^^^^^^,"{""level"":""error""}","{""project"":""13496585-dc4c-4bff-9839-9b9a20639704"",""environment"":""ef7ebcb9-bf85-4373-be26-2cf0827b4ae9"",""service"":""d72b57af-6b60-4703-8732-04b4176eb5ae"",""deployment"":""0bb14cd8-95d6-4e01-8857-8dadb1fb3c25"",""replica"":""f179d5f4-6750-4183-a982-4f6b9a13f712""}",2025-09-29T09:04:09.330036794Z
"  File ""/usr/local/lib/python3.11/site-packages/fastapi/routing.py"", line 290, in run_endpoint_function","{""level"":""error""}","{""project"":""13496585-dc4c-4bff-9839-9b9a20639704"",""environment"":""ef7ebcb9-bf85-4373-be26-2cf0827b4ae9"",""service"":""d72b57af-6b60-4703-8732-04b4176eb5ae"",""deployment"":""0bb14cd8-95d6-4e01-8857-8dadb1fb3c25"",""replica"":""f179d5f4-6750-4183-a982-4f6b9a13f712""}",2025-09-29T09:04:09.330042420Z
"    return await run_in_threadpool(dependant.call, **values)","{""level"":""error""}","{""project"":""13496585-dc4c-4bff-9839-9b9a20639704"",""environment"":""ef7ebcb9-bf85-4373-be26-2cf0827b4ae9"",""service"":""d72b57af-6b60-4703-8732-04b4176eb5ae"",""deployment"":""0bb14cd8-95d6-4e01-8857-8dadb1fb3c25"",""replica"":""f179d5f4-6750-4183-a982-4f6b9a13f712""}",2025-09-29T09:04:09.330049008Z
           ^^^^^^^^^^^^^^^^^^^^^^^^^^^^^^^^^^^^^^^^^^^^^^^^^,"{""level"":""error""}","{""project"":""13496585-dc4c-4bff-9839-9b9a20639704"",""environment"":""ef7ebcb9-bf85-4373-be26-2cf0827b4ae9"",""service"":""d72b57af-6b60-4703-8732-04b4176eb5ae"",""deployment"":""0bb14cd8-95d6-4e01-8857-8dadb1fb3c25"",""replica"":""f179d5f4-6750-4183-a982-4f6b9a13f712""}",2025-09-29T09:04:09.330745551Z
"  File ""/usr/local/lib/python3.11/site-packages/starlette/concurrency.py"", line 38, in run_in_threadpool","{""level"":""error""}","{""project"":""13496585-dc4c-4bff-9839-9b9a20639704"",""environment"":""ef7ebcb9-bf85-4373-be26-2cf0827b4ae9"",""service"":""d72b57af-6b60-4703-8732-04b4176eb5ae"",""deployment"":""0bb14cd8-95d6-4e01-8857-8dadb1fb3c25"",""replica"":""f179d5f4-6750-4183-a982-4f6b9a13f712""}",2025-09-29T09:04:09.330755519Z
    return await anyio.to_thread.run_sync(func),"{""level"":""error""}","{""project"":""13496585-dc4c-4bff-9839-9b9a20639704"",""environment"":""ef7ebcb9-bf85-4373-be26-2cf0827b4ae9"",""service"":""d72b57af-6b60-4703-8732-04b4176eb5ae"",""deployment"":""0bb14cd8-95d6-4e01-8857-8dadb1fb3c25"",""replica"":""f179d5f4-6750-4183-a982-4f6b9a13f712""}",2025-09-29T09:04:09.330761278Z
           ^^^^^^^^^^^^^^^^^^^^^^^^^^^^^^^^^^^^,"{""level"":""error""}","{""project"":""13496585-dc4c-4bff-9839-9b9a20639704"",""environment"":""ef7ebcb9-bf85-4373-be26-2cf0827b4ae9"",""service"":""d72b57af-6b60-4703-8732-04b4176eb5ae"",""deployment"":""0bb14cd8-95d6-4e01-8857-8dadb1fb3c25"",""replica"":""f179d5f4-6750-4183-a982-4f6b9a13f712""}",2025-09-29T09:04:09.330766808Z
"  File ""/usr/local/lib/python3.11/site-packages/anyio/to_thread.py"", line 56, in run_sync","{""level"":""error""}","{""project"":""13496585-dc4c-4bff-9839-9b9a20639704"",""environment"":""ef7ebcb9-bf85-4373-be26-2cf0827b4ae9"",""service"":""d72b57af-6b60-4703-8732-04b4176eb5ae"",""deployment"":""0bb14cd8-95d6-4e01-8857-8dadb1fb3c25"",""replica"":""f179d5f4-6750-4183-a982-4f6b9a13f712""}",2025-09-29T09:04:09.330771677Z
    return await get_async_backend().run_sync_in_worker_thread(,"{""level"":""error""}","{""project"":""13496585-dc4c-4bff-9839-9b9a20639704"",""environment"":""ef7ebcb9-bf85-4373-be26-2cf0827b4ae9"",""service"":""d72b57af-6b60-4703-8732-04b4176eb5ae"",""deployment"":""0bb14cd8-95d6-4e01-8857-8dadb1fb3c25"",""replica"":""f179d5f4-6750-4183-a982-4f6b9a13f712""}",2025-09-29T09:04:09.330776955Z
           ^^^^^^^^^^^^^^^^^^^^^^^^^^^^^^^^^^^^^^^^^^^^^^^^^^^^,"{""level"":""error""}","{""project"":""13496585-dc4c-4bff-9839-9b9a20639704"",""environment"":""ef7ebcb9-bf85-4373-be26-2cf0827b4ae9"",""service"":""d72b57af-6b60-4703-8732-04b4176eb5ae"",""deployment"":""0bb14cd8-95d6-4e01-8857-8dadb1fb3c25"",""replica"":""f179d5f4-6750-4183-a982-4f6b9a13f712""}",2025-09-29T09:04:09.330781741Z
"  File ""/usr/local/lib/python3.11/site-packages/anyio/_backends/_asyncio.py"", line 2485, in run_sync_in_worker_thread","{""level"":""error""}","{""project"":""13496585-dc4c-4bff-9839-9b9a20639704"",""environment"":""ef7ebcb9-bf85-4373-be26-2cf0827b4ae9"",""service"":""d72b57af-6b60-4703-8732-04b4176eb5ae"",""deployment"":""0bb14cd8-95d6-4e01-8857-8dadb1fb3c25"",""replica"":""f179d5f4-6750-4183-a982-4f6b9a13f712""}",2025-09-29T09:04:09.330786546Z
    return await future,"{""level"":""error""}","{""project"":""13496585-dc4c-4bff-9839-9b9a20639704"",""environment"":""ef7ebcb9-bf85-4373-be26-2cf0827b4ae9"",""service"":""d72b57af-6b60-4703-8732-04b4176eb5ae"",""deployment"":""0bb14cd8-95d6-4e01-8857-8dadb1fb3c25"",""replica"":""f179d5f4-6750-4183-a982-4f6b9a13f712""}",2025-09-29T09:04:09.330791311Z
           ^^^^^^^^^^^^,"{""level"":""error""}","{""project"":""13496585-dc4c-4bff-9839-9b9a20639704"",""environment"":""ef7ebcb9-bf85-4373-be26-2cf0827b4ae9"",""service"":""d72b57af-6b60-4703-8732-04b4176eb5ae"",""deployment"":""0bb14cd8-95d6-4e01-8857-8dadb1fb3c25"",""replica"":""f179d5f4-6750-4183-a982-4f6b9a13f712""}",2025-09-29T09:04:09.330797651Z
"  File ""/usr/local/lib/python3.11/site-packages/anyio/_backends/_asyncio.py"", line 976, in run","{""level"":""error""}","{""project"":""13496585-dc4c-4bff-9839-9b9a20639704"",""environment"":""ef7ebcb9-bf85-4373-be26-2cf0827b4ae9"",""service"":""d72b57af-6b60-4703-8732-04b4176eb5ae"",""deployment"":""0bb14cd8-95d6-4e01-8857-8dadb1fb3c25"",""replica"":""f179d5f4-6750-4183-a982-4f6b9a13f712""}",2025-09-29T09:04:09.330802424Z
"    result = context.run(func, *args)","{""level"":""error""}","{""project"":""13496585-dc4c-4bff-9839-9b9a20639704"",""environment"":""ef7ebcb9-bf85-4373-be26-2cf0827b4ae9"",""service"":""d72b57af-6b60-4703-8732-04b4176eb5ae"",""deployment"":""0bb14cd8-95d6-4e01-8857-8dadb1fb3c25"",""replica"":""f179d5f4-6750-4183-a982-4f6b9a13f712""}",2025-09-29T09:04:09.330806658Z
             ^^^^^^^^^^^^^^^^^^^^^^^^,"{""level"":""error""}","{""project"":""13496585-dc4c-4bff-9839-9b9a20639704"",""environment"":""ef7ebcb9-bf85-4373-be26-2cf0827b4ae9"",""service"":""d72b57af-6b60-4703-8732-04b4176eb5ae"",""deployment"":""0bb14cd8-95d6-4e01-8857-8dadb1fb3c25"",""replica"":""f179d5f4-6750-4183-a982-4f6b9a13f712""}",2025-09-29T09:04:09.330811545Z
"  File ""/app/src/main.py"", line 88, in register_user","{""level"":""error""}","{""project"":""13496585-dc4c-4bff-9839-9b9a20639704"",""environment"":""ef7ebcb9-bf85-4373-be26-2cf0827b4ae9"",""service"":""d72b57af-6b60-4703-8732-04b4176eb5ae"",""deployment"":""0bb14cd8-95d6-4e01-8857-8dadb1fb3c25"",""replica"":""f179d5f4-6750-4183-a982-4f6b9a13f712""}",2025-09-29T09:04:09.330816121Z
"    return auth.create_user(db=db, user=user)","{""level"":""error""}","{""project"":""13496585-dc4c-4bff-9839-9b9a20639704"",""environment"":""ef7ebcb9-bf85-4373-be26-2cf0827b4ae9"",""service"":""d72b57af-6b60-4703-8732-04b4176eb5ae"",""deployment"":""0bb14cd8-95d6-4e01-8857-8dadb1fb3c25"",""replica"":""f179d5f4-6750-4183-a982-4f6b9a13f712""}",2025-09-29T09:04:09.330820366Z
           ^^^^^^^^^^^^^^^^^^^^^^^^^^^^^^^^^^,"{""level"":""error""}","{""project"":""13496585-dc4c-4bff-9839-9b9a20639704"",""environment"":""ef7ebcb9-bf85-4373-be26-2cf0827b4ae9"",""service"":""d72b57af-6b60-4703-8732-04b4176eb5ae"",""deployment"":""0bb14cd8-95d6-4e01-8857-8dadb1fb3c25"",""replica"":""f179d5f4-6750-4183-a982-4f6b9a13f712""}",2025-09-29T09:04:09.330824914Z
"  File ""/app/src/auth.py"", line 42, in create_user","{""level"":""error""}","{""project"":""13496585-dc4c-4bff-9839-9b9a20639704"",""environment"":""ef7ebcb9-bf85-4373-be26-2cf0827b4ae9"",""service"":""d72b57af-6b60-4703-8732-04b4176eb5ae"",""deployment"":""0bb14cd8-95d6-4e01-8857-8dadb1fb3c25"",""replica"":""f179d5f4-6750-4183-a982-4f6b9a13f712""}",2025-09-29T09:04:09.330829218Z
    hashed_password = get_password_hash(user.password),"{""level"":""error""}","{""project"":""13496585-dc4c-4bff-9839-9b9a20639704"",""environment"":""ef7ebcb9-bf85-4373-be26-2cf0827b4ae9"",""service"":""d72b57af-6b60-4703-8732-04b4176eb5ae"",""deployment"":""0bb14cd8-95d6-4e01-8857-8dadb1fb3c25"",""replica"":""f179d5f4-6750-4183-a982-4f6b9a13f712""}",2025-09-29T09:04:09.330833808Z
                      ^^^^^^^^^^^^^^^^^^^^^^^^^^^^^^^^,"{""level"":""error""}","{""project"":""13496585-dc4c-4bff-9839-9b9a20639704"",""environment"":""ef7ebcb9-bf85-4373-be26-2cf0827b4ae9"",""service"":""d72b57af-6b60-4703-8732-04b4176eb5ae"",""deployment"":""0bb14cd8-95d6-4e01-8857-8dadb1fb3c25"",""replica"":""f179d5f4-6750-4183-a982-4f6b9a13f712""}",2025-09-29T09:04:09.330838919Z
"  File ""/app/src/auth.py"", line 26, in get_password_hash","{""level"":""error""}","{""project"":""13496585-dc4c-4bff-9839-9b9a20639704"",""environment"":""ef7ebcb9-bf85-4373-be26-2cf0827b4ae9"",""service"":""d72b57af-6b60-4703-8732-04b4176eb5ae"",""deployment"":""0bb14cd8-95d6-4e01-8857-8dadb1fb3c25"",""replica"":""f179d5f4-6750-4183-a982-4f6b9a13f712""}",2025-09-29T09:04:09.330842918Z
    return pwd_context.hash(password),"{""level"":""error""}","{""project"":""13496585-dc4c-4bff-9839-9b9a20639704"",""environment"":""ef7ebcb9-bf85-4373-be26-2cf0827b4ae9"",""service"":""d72b57af-6b60-4703-8732-04b4176eb5ae"",""deployment"":""0bb14cd8-95d6-4e01-8857-8dadb1fb3c25"",""replica"":""f179d5f4-6750-4183-a982-4f6b9a13f712""}",2025-09-29T09:04:09.330857854Z
           ^^^^^^^^^^^^^^^^^^^^^^^^^^,"{""level"":""error""}","{""project"":""13496585-dc4c-4bff-9839-9b9a20639704"",""environment"":""ef7ebcb9-bf85-4373-be26-2cf0827b4ae9"",""service"":""d72b57af-6b60-4703-8732-04b4176eb5ae"",""deployment"":""0bb14cd8-95d6-4e01-8857-8dadb1fb3c25"",""replica"":""f179d5f4-6750-4183-a982-4f6b9a13f712""}",2025-09-29T09:04:09.330862725Z
"  File ""/usr/local/lib/python3.11/site-packages/passlib/context.py"", line 2258, in hash","{""level"":""error""}","{""project"":""13496585-dc4c-4bff-9839-9b9a20639704"",""environment"":""ef7ebcb9-bf85-4373-be26-2cf0827b4ae9"",""service"":""d72b57af-6b60-4703-8732-04b4176eb5ae"",""deployment"":""0bb14cd8-95d6-4e01-8857-8dadb1fb3c25"",""replica"":""f179d5f4-6750-4183-a982-4f6b9a13f712""}",2025-09-29T09:04:09.330867150Z
"    return record.hash(secret, **kwds)","{""level"":""error""}","{""project"":""13496585-dc4c-4bff-9839-9b9a20639704"",""environment"":""ef7ebcb9-bf85-4373-be26-2cf0827b4ae9"",""service"":""d72b57af-6b60-4703-8732-04b4176eb5ae"",""deployment"":""0bb14cd8-95d6-4e01-8857-8dadb1fb3c25"",""replica"":""f179d5f4-6750-4183-a982-4f6b9a13f712""}",2025-09-29T09:04:09.330870764Z
           ^^^^^^^^^^^^^^^^^^^^^^^^^^^,"{""level"":""error""}","{""project"":""13496585-dc4c-4bff-9839-9b9a20639704"",""environment"":""ef7ebcb9-bf85-4373-be26-2cf0827b4ae9"",""service"":""d72b57af-6b60-4703-8732-04b4176eb5ae"",""deployment"":""0bb14cd8-95d6-4e01-8857-8dadb1fb3c25"",""replica"":""f179d5f4-6750-4183-a982-4f6b9a13f712""}",2025-09-29T09:04:09.330875173Z
"  File ""/usr/local/lib/python3.11/site-packages/passlib/utils/handlers.py"", line 779, in hash","{""level"":""error""}","{""project"":""13496585-dc4c-4bff-9839-9b9a20639704"",""environment"":""ef7ebcb9-bf85-4373-be26-2cf0827b4ae9"",""service"":""d72b57af-6b60-4703-8732-04b4176eb5ae"",""deployment"":""0bb14cd8-95d6-4e01-8857-8dadb1fb3c25"",""replica"":""f179d5f4-6750-4183-a982-4f6b9a13f712""}",2025-09-29T09:04:09.330879495Z
    self.checksum = self._calc_checksum(secret),"{""level"":""error""}","{""project"":""13496585-dc4c-4bff-9839-9b9a20639704"",""environment"":""ef7ebcb9-bf85-4373-be26-2cf0827b4ae9"",""service"":""d72b57af-6b60-4703-8732-04b4176eb5ae"",""deployment"":""0bb14cd8-95d6-4e01-8857-8dadb1fb3c25"",""replica"":""f179d5f4-6750-4183-a982-4f6b9a13f712""}",2025-09-29T09:04:09.330884484Z
                    ^^^^^^^^^^^^^^^^^^^^^^^^^^^,"{""level"":""error""}","{""project"":""13496585-dc4c-4bff-9839-9b9a20639704"",""environment"":""ef7ebcb9-bf85-4373-be26-2cf0827b4ae9"",""service"":""d72b57af-6b60-4703-8732-04b4176eb5ae"",""deployment"":""0bb14cd8-95d6-4e01-8857-8dadb1fb3c25"",""replica"":""f179d5f4-6750-4183-a982-4f6b9a13f712""}",2025-09-29T09:04:09.330890351Z
"  File ""/usr/local/lib/python3.11/site-packages/passlib/handlers/bcrypt.py"", line 591, in _calc_checksum","{""level"":""error""}","{""project"":""13496585-dc4c-4bff-9839-9b9a20639704"",""environment"":""ef7ebcb9-bf85-4373-be26-2cf0827b4ae9"",""service"":""d72b57af-6b60-4703-8732-04b4176eb5ae"",""deployment"":""0bb14cd8-95d6-4e01-8857-8dadb1fb3c25"",""replica"":""f179d5f4-6750-4183-a982-4f6b9a13f712""}",2025-09-29T09:04:09.330894917Z
    self._stub_requires_backend(),"{""level"":""error""}","{""project"":""13496585-dc4c-4bff-9839-9b9a20639704"",""environment"":""ef7ebcb9-bf85-4373-be26-2cf0827b4ae9"",""service"":""d72b57af-6b60-4703-8732-04b4176eb5ae"",""deployment"":""0bb14cd8-95d6-4e01-8857-8dadb1fb3c25"",""replica"":""f179d5f4-6750-4183-a982-4f6b9a13f712""}",2025-09-29T09:04:09.330899730Z
"  File ""/usr/local/lib/python3.11/site-packages/passlib/utils/handlers.py"", line 2254, in _stub_requires_backend","{""level"":""error""}","{""project"":""13496585-dc4c-4bff-9839-9b9a20639704"",""environment"":""ef7ebcb9-bf85-4373-be26-2cf0827b4ae9"",""service"":""d72b57af-6b60-4703-8732-04b4176eb5ae"",""deployment"":""0bb14cd8-95d6-4e01-8857-8dadb1fb3c25"",""replica"":""f179d5f4-6750-4183-a982-4f6b9a13f712""}",2025-09-29T09:04:09.330904301Z
    cls.set_backend(),"{""level"":""error""}","{""project"":""13496585-dc4c-4bff-9839-9b9a20639704"",""environment"":""ef7ebcb9-bf85-4373-be26-2cf0827b4ae9"",""service"":""d72b57af-6b60-4703-8732-04b4176eb5ae"",""deployment"":""0bb14cd8-95d6-4e01-8857-8dadb1fb3c25"",""replica"":""f179d5f4-6750-4183-a982-4f6b9a13f712""}",2025-09-29T09:04:09.330909470Z
"  File ""/usr/local/lib/python3.11/site-packages/passlib/utils/handlers.py"", line 2156, in set_backend","{""level"":""error""}","{""project"":""13496585-dc4c-4bff-9839-9b9a20639704"",""environment"":""ef7ebcb9-bf85-4373-be26-2cf0827b4ae9"",""service"":""d72b57af-6b60-4703-8732-04b4176eb5ae"",""deployment"":""0bb14cd8-95d6-4e01-8857-8dadb1fb3c25"",""replica"":""f179d5f4-6750-4183-a982-4f6b9a13f712""}",2025-09-29T09:04:09.330913813Z
"    return owner.set_backend(name, dryrun=dryrun)","{""level"":""error""}","{""project"":""13496585-dc4c-4bff-9839-9b9a20639704"",""environment"":""ef7ebcb9-bf85-4373-be26-2cf0827b4ae9"",""service"":""d72b57af-6b60-4703-8732-04b4176eb5ae"",""deployment"":""0bb14cd8-95d6-4e01-8857-8dadb1fb3c25"",""replica"":""f179d5f4-6750-4183-a982-4f6b9a13f712""}",2025-09-29T09:04:09.330917980Z
           ^^^^^^^^^^^^^^^^^^^^^^^^^^^^^^^^^^^^^^,"{""level"":""error""}","{""project"":""13496585-dc4c-4bff-9839-9b9a20639704"",""environment"":""ef7ebcb9-bf85-4373-be26-2cf0827b4ae9"",""service"":""d72b57af-6b60-4703-8732-04b4176eb5ae"",""deployment"":""0bb14cd8-95d6-4e01-8857-8dadb1fb3c25"",""replica"":""f179d5f4-6750-4183-a982-4f6b9a13f712""}",2025-09-29T09:04:09.330921998Z
"  File ""/usr/local/lib/python3.11/site-packages/passlib/utils/handlers.py"", line 2163, in set_backend","{""level"":""error""}","{""project"":""13496585-dc4c-4bff-9839-9b9a20639704"",""environment"":""ef7ebcb9-bf85-4373-be26-2cf0827b4ae9"",""service"":""d72b57af-6b60-4703-8732-04b4176eb5ae"",""deployment"":""0bb14cd8-95d6-4e01-8857-8dadb1fb3c25"",""replica"":""f179d5f4-6750-4183-a982-4f6b9a13f712""}",2025-09-29T09:04:09.330926375Z
"    return cls.set_backend(name, dryrun=dryrun)","{""level"":""error""}","{""project"":""13496585-dc4c-4bff-9839-9b9a20639704"",""environment"":""ef7ebcb9-bf85-4373-be26-2cf0827b4ae9"",""service"":""d72b57af-6b60-4703-8732-04b4176eb5ae"",""deployment"":""0bb14cd8-95d6-4e01-8857-8dadb1fb3c25"",""replica"":""f179d5f4-6750-4183-a982-4f6b9a13f712""}",2025-09-29T09:04:09.330930414Z
           ^^^^^^^^^^^^^^^^^^^^^^^^^^^^^^^^^^^^,"{""level"":""error""}","{""project"":""13496585-dc4c-4bff-9839-9b9a20639704"",""environment"":""ef7ebcb9-bf85-4373-be26-2cf0827b4ae9"",""service"":""d72b57af-6b60-4703-8732-04b4176eb5ae"",""deployment"":""0bb14cd8-95d6-4e01-8857-8dadb1fb3c25"",""replica"":""f179d5f4-6750-4183-a982-4f6b9a13f712""}",2025-09-29T09:04:09.330935571Z
"  File ""/usr/local/lib/python3.11/site-packages/passlib/utils/handlers.py"", line 2188, in set_backend","{""level"":""error""}","{""project"":""13496585-dc4c-4bff-9839-9b9a20639704"",""environment"":""ef7ebcb9-bf85-4373-be26-2cf0827b4ae9"",""service"":""d72b57af-6b60-4703-8732-04b4176eb5ae"",""deployment"":""0bb14cd8-95d6-4e01-8857-8dadb1fb3c25"",""replica"":""f179d5f4-6750-4183-a982-4f6b9a13f712""}",2025-09-29T09:04:09.330940221Z
"    cls._set_backend(name, dryrun)","{""level"":""error""}","{""project"":""13496585-dc4c-4bff-9839-9b9a20639704"",""environment"":""ef7ebcb9-bf85-4373-be26-2cf0827b4ae9"",""service"":""d72b57af-6b60-4703-8732-04b4176eb5ae"",""deployment"":""0bb14cd8-95d6-4e01-8857-8dadb1fb3c25"",""replica"":""f179d5f4-6750-4183-a982-4f6b9a13f712""}",2025-09-29T09:04:09.330944326Z
"  File ""/usr/local/lib/python3.11/site-packages/passlib/utils/handlers.py"", line 2311, in _set_backend","{""level"":""error""}","{""project"":""13496585-dc4c-4bff-9839-9b9a20639704"",""environment"":""ef7ebcb9-bf85-4373-be26-2cf0827b4ae9"",""service"":""d72b57af-6b60-4703-8732-04b4176eb5ae"",""deployment"":""0bb14cd8-95d6-4e01-8857-8dadb1fb3c25"",""replica"":""f179d5f4-6750-4183-a982-4f6b9a13f712""}",2025-09-29T09:04:09.330953769Z
"    super(SubclassBackendMixin, cls)._set_backend(name, dryrun)","{""level"":""error""}","{""project"":""13496585-dc4c-4bff-9839-9b9a20639704"",""environment"":""ef7ebcb9-bf85-4373-be26-2cf0827b4ae9"",""service"":""d72b57af-6b60-4703-8732-04b4176eb5ae"",""deployment"":""0bb14cd8-95d6-4e01-8857-8dadb1fb3c25"",""replica"":""f179d5f4-6750-4183-a982-4f6b9a13f712""}",2025-09-29T09:04:09.330958272Z
"  File ""/usr/local/lib/python3.11/site-packages/passlib/utils/handlers.py"", line 2224, in _set_backend","{""level"":""error""}","{""project"":""13496585-dc4c-4bff-9839-9b9a20639704"",""environment"":""ef7ebcb9-bf85-4373-be26-2cf0827b4ae9"",""service"":""d72b57af-6b60-4703-8732-04b4176eb5ae"",""deployment"":""0bb14cd8-95d6-4e01-8857-8dadb1fb3c25"",""replica"":""f179d5f4-6750-4183-a982-4f6b9a13f712""}",2025-09-29T09:04:09.330963039Z
    ok = loader(**kwds),"{""level"":""error""}","{""project"":""13496585-dc4c-4bff-9839-9b9a20639704"",""environment"":""ef7ebcb9-bf85-4373-be26-2cf0827b4ae9"",""service"":""d72b57af-6b60-4703-8732-04b4176eb5ae"",""deployment"":""0bb14cd8-95d6-4e01-8857-8dadb1fb3c25"",""replica"":""f179d5f4-6750-4183-a982-4f6b9a13f712""}",2025-09-29T09:04:09.330967348Z
         ^^^^^^^^^^^^^^,"{""level"":""error""}","{""project"":""13496585-dc4c-4bff-9839-9b9a20639704"",""environment"":""ef7ebcb9-bf85-4373-be26-2cf0827b4ae9"",""service"":""d72b57af-6b60-4703-8732-04b4176eb5ae"",""deployment"":""0bb14cd8-95d6-4e01-8857-8dadb1fb3c25"",""replica"":""f179d5f4-6750-4183-a982-4f6b9a13f712""}",2025-09-29T09:04:09.330971669Z
"  File ""/usr/local/lib/python3.11/site-packages/passlib/handlers/bcrypt.py"", line 626, in _load_backend_mixin","{""level"":""error""}","{""project"":""13496585-dc4c-4bff-9839-9b9a20639704"",""environment"":""ef7ebcb9-bf85-4373-be26-2cf0827b4ae9"",""service"":""d72b57af-6b60-4703-8732-04b4176eb5ae"",""deployment"":""0bb14cd8-95d6-4e01-8857-8dadb1fb3c25"",""replica"":""f179d5f4-6750-4183-a982-4f6b9a13f712""}",2025-09-29T09:04:09.330975914Z
"    return mixin_cls._finalize_backend_mixin(name, dryrun)","{""level"":""error""}","{""project"":""13496585-dc4c-4bff-9839-9b9a20639704"",""environment"":""ef7ebcb9-bf85-4373-be26-2cf0827b4ae9"",""service"":""d72b57af-6b60-4703-8732-04b4176eb5ae"",""deployment"":""0bb14cd8-95d6-4e01-8857-8dadb1fb3c25"",""replica"":""f179d5f4-6750-4183-a982-4f6b9a13f712""}",2025-09-29T09:04:09.330981735Z
           ^^^^^^^^^^^^^^^^^^^^^^^^^^^^^^^^^^^^^^^^^^^^^^^,"{""level"":""error""}","{""project"":""13496585-dc4c-4bff-9839-9b9a20639704"",""environment"":""ef7ebcb9-bf85-4373-be26-2cf0827b4ae9"",""service"":""d72b57af-6b60-4703-8732-04b4176eb5ae"",""deployment"":""0bb14cd8-95d6-4e01-8857-8dadb1fb3c25"",""replica"":""f179d5f4-6750-4183-a982-4f6b9a13f712""}",2025-09-29T09:04:09.330986461Z
"  File ""/usr/local/lib/python3.11/site-packages/passlib/handlers/bcrypt.py"", line 421, in _finalize_backend_mixin","{""level"":""error""}","{""project"":""13496585-dc4c-4bff-9839-9b9a20639704"",""environment"":""ef7ebcb9-bf85-4373-be26-2cf0827b4ae9"",""service"":""d72b57af-6b60-4703-8732-04b4176eb5ae"",""deployment"":""0bb14cd8-95d6-4e01-8857-8dadb1fb3c25"",""replica"":""f179d5f4-6750-4183-a982-4f6b9a13f712""}",2025-09-29T09:04:09.330990366Z
    if detect_wrap_bug(IDENT_2A):,"{""level"":""error""}","{""project"":""13496585-dc4c-4bff-9839-9b9a20639704"",""environment"":""ef7ebcb9-bf85-4373-be26-2cf0827b4ae9"",""service"":""d72b57af-6b60-4703-8732-04b4176eb5ae"",""deployment"":""0bb14cd8-95d6-4e01-8857-8dadb1fb3c25"",""replica"":""f179d5f4-6750-4183-a982-4f6b9a13f712""}",2025-09-29T09:04:09.330994408Z
       ^^^^^^^^^^^^^^^^^^^^^^^^^,"{""level"":""error""}","{""project"":""13496585-dc4c-4bff-9839-9b9a20639704"",""environment"":""ef7ebcb9-bf85-4373-be26-2cf0827b4ae9"",""service"":""d72b57af-6b60-4703-8732-04b4176eb5ae"",""deployment"":""0bb14cd8-95d6-4e01-8857-8dadb1fb3c25"",""replica"":""f179d5f4-6750-4183-a982-4f6b9a13f712""}",2025-09-29T09:04:09.330998953Z
"  File ""/usr/local/lib/python3.11/site-packages/passlib/handlers/bcrypt.py"", line 380, in detect_wrap_bug","{""level"":""error""}","{""project"":""13496585-dc4c-4bff-9839-9b9a20639704"",""environment"":""ef7ebcb9-bf85-4373-be26-2cf0827b4ae9"",""service"":""d72b57af-6b60-4703-8732-04b4176eb5ae"",""deployment"":""0bb14cd8-95d6-4e01-8857-8dadb1fb3c25"",""replica"":""f179d5f4-6750-4183-a982-4f6b9a13f712""}",2025-09-29T09:04:09.331004349Z
"    if verify(secret, bug_hash):","{""level"":""error""}","{""project"":""13496585-dc4c-4bff-9839-9b9a20639704"",""environment"":""ef7ebcb9-bf85-4373-be26-2cf0827b4ae9"",""service"":""d72b57af-6b60-4703-8732-04b4176eb5ae"",""deployment"":""0bb14cd8-95d6-4e01-8857-8dadb1fb3c25"",""replica"":""f179d5f4-6750-4183-a982-4f6b9a13f712""}",2025-09-29T09:04:09.331010224Z
       ^^^^^^^^^^^^^^^^^^^^^^^^,"{""level"":""error""}","{""project"":""13496585-dc4c-4bff-9839-9b9a20639704"",""environment"":""ef7ebcb9-bf85-4373-be26-2cf0827b4ae9"",""service"":""d72b57af-6b60-4703-8732-04b4176eb5ae"",""deployment"":""0bb14cd8-95d6-4e01-8857-8dadb1fb3c25"",""replica"":""f179d5f4-6750-4183-a982-4f6b9a13f712""}",2025-09-29T09:04:09.331014260Z
"  File ""/usr/local/lib/python3.11/site-packages/passlib/utils/handlers.py"", line 792, in verify","{""level"":""error""}","{""project"":""13496585-dc4c-4bff-9839-9b9a20639704"",""environment"":""ef7ebcb9-bf85-4373-be26-2cf0827b4ae9"",""service"":""d72b57af-6b60-4703-8732-04b4176eb5ae"",""deployment"":""0bb14cd8-95d6-4e01-8857-8dadb1fb3c25"",""replica"":""f179d5f4-6750-4183-a982-4f6b9a13f712""}",2025-09-29T09:04:09.331019204Z
"    return consteq(self._calc_checksum(secret), chk)","{""level"":""error""}","{""project"":""13496585-dc4c-4bff-9839-9b9a20639704"",""environment"":""ef7ebcb9-bf85-4373-be26-2cf0827b4ae9"",""service"":""d72b57af-6b60-4703-8732-04b4176eb5ae"",""deployment"":""0bb14cd8-95d6-4e01-8857-8dadb1fb3c25"",""replica"":""f179d5f4-6750-4183-a982-4f6b9a13f712""}",2025-09-29T09:04:09.331025896Z
                   ^^^^^^^^^^^^^^^^^^^^^^^^^^^,"{""level"":""error""}","{""project"":""13496585-dc4c-4bff-9839-9b9a20639704"",""environment"":""ef7ebcb9-bf85-4373-be26-2cf0827b4ae9"",""service"":""d72b57af-6b60-4703-8732-04b4176eb5ae"",""deployment"":""0bb14cd8-95d6-4e01-8857-8dadb1fb3c25"",""replica"":""f179d5f4-6750-4183-a982-4f6b9a13f712""}",2025-09-29T09:04:09.331030481Z
"  File ""/usr/local/lib/python3.11/site-packages/passlib/handlers/bcrypt.py"", line 655, in _calc_checksum","{""level"":""error""}","{""project"":""13496585-dc4c-4bff-9839-9b9a20639704"",""environment"":""ef7ebcb9-bf85-4373-be26-2cf0827b4ae9"",""service"":""d72b57af-6b60-4703-8732-04b4176eb5ae"",""deployment"":""0bb14cd8-95d6-4e01-8857-8dadb1fb3c25"",""replica"":""f179d5f4-6750-4183-a982-4f6b9a13f712""}",2025-09-29T09:04:09.331034482Z
"    hash = _bcrypt.hashpw(secret, config)","{""level"":""error""}","{""project"":""13496585-dc4c-4bff-9839-9b9a20639704"",""environment"":""ef7ebcb9-bf85-4373-be26-2cf0827b4ae9"",""service"":""d72b57af-6b60-4703-8732-04b4176eb5ae"",""deployment"":""0bb14cd8-95d6-4e01-8857-8dadb1fb3c25"",""replica"":""f179d5f4-6750-4183-a982-4f6b9a13f712""}",2025-09-29T09:04:09.331463706Z
           ^^^^^^^^^^^^^^^^^^^^^^^^^^^^^^,"{""level"":""error""}","{""project"":""13496585-dc4c-4bff-9839-9b9a20639704"",""environment"":""ef7ebcb9-bf85-4373-be26-2cf0827b4ae9"",""service"":""d72b57af-6b60-4703-8732-04b4176eb5ae"",""deployment"":""0bb14cd8-95d6-4e01-8857-8dadb1fb3c25"",""replica"":""f179d5f4-6750-4183-a982-4f6b9a13f712""}",2025-09-29T09:04:09.331471568Z
"ValueError: password cannot be longer than 72 bytes, truncate manually if necessary (e.g. my_password[:72])","{""level"":""error""}","{""project"":""13496585-dc4c-4bff-9839-9b9a20639704"",""environment"":""ef7ebcb9-bf85-4373-be26-2cf0827b4ae9"",""service"":""d72b57af-6b60-4703-8732-04b4176eb5ae"",""deployment"":""0bb14cd8-95d6-4e01-8857-8dadb1fb3c25"",""replica"":""f179d5f4-6750-4183-a982-4f6b9a13f712""}",2025-09-29T09:04:09.331475361Z
"INFO:     100.64.0.3:17210 - ""POST /api/register HTTP/1.1"" 400 Bad Request","{""level"":""info""}","{""project"":""13496585-dc4c-4bff-9839-9b9a20639704"",""environment"":""ef7ebcb9-bf85-4373-be26-2cf0827b4ae9"",""service"":""d72b57af-6b60-4703-8732-04b4176eb5ae"",""deployment"":""0bb14cd8-95d6-4e01-8857-8dadb1fb3c25"",""replica"":""f179d5f4-6750-4183-a982-4f6b9a13f712""}",2025-09-29T09:04:10.508166121Z
"INFO:     100.64.0.3:17210 - ""POST /api/register HTTP/1.1"" 400 Bad Request","{""level"":""info""}","{""project"":""13496585-dc4c-4bff-9839-9b9a20639704"",""environment"":""ef7ebcb9-bf85-4373-be26-2cf0827b4ae9"",""service"":""d72b57af-6b60-4703-8732-04b4176eb5ae"",""deployment"":""0bb14cd8-95d6-4e01-8857-8dadb1fb3c25"",""replica"":""f179d5f4-6750-4183-a982-4f6b9a13f712""}",2025-09-29T09:04:12.083569743Z
"INFO:     100.64.0.4:51134 - ""POST /api/login HTTP/1.1"" 401 Unauthorized","{""level"":""info""}","{""project"":""13496585-dc4c-4bff-9839-9b9a20639704"",""environment"":""ef7ebcb9-bf85-4373-be26-2cf0827b4ae9"",""service"":""d72b57af-6b60-4703-8732-04b4176eb5ae"",""deployment"":""0bb14cd8-95d6-4e01-8857-8dadb1fb3c25"",""replica"":""f179d5f4-6750-4183-a982-4f6b9a13f712""}",2025-09-29T09:04:42.080347367Z
"INFO:     100.64.0.5:61518 - ""POST /api/login HTTP/1.1"" 401 Unauthorized","{""level"":""info""}","{""project"":""13496585-dc4c-4bff-9839-9b9a20639704"",""environment"":""ef7ebcb9-bf85-4373-be26-2cf0827b4ae9"",""service"":""d72b57af-6b60-4703-8732-04b4176eb5ae"",""deployment"":""0bb14cd8-95d6-4e01-8857-8dadb1fb3c25"",""replica"":""f179d5f4-6750-4183-a982-4f6b9a13f712""}",2025-09-29T09:04:44.590016904Z
"INFO:     100.64.0.2:53032 - ""POST /api/login HTTP/1.1"" 401 Unauthorized","{""level"":""info""}","{""project"":""13496585-dc4c-4bff-9839-9b9a20639704"",""environment"":""ef7ebcb9-bf85-4373-be26-2cf0827b4ae9"",""service"":""d72b57af-6b60-4703-8732-04b4176eb5ae"",""deployment"":""0bb14cd8-95d6-4e01-8857-8dadb1fb3c25"",""replica"":""f179d5f4-6750-4183-a982-4f6b9a13f712""}",2025-09-29T09:04:49.828171798Z
"INFO:     100.64.0.3:52376 - ""POST /api/login HTTP/1.1"" 401 Unauthorized","{""level"":""info""}","{""project"":""13496585-dc4c-4bff-9839-9b9a20639704"",""environment"":""ef7ebcb9-bf85-4373-be26-2cf0827b4ae9"",""service"":""d72b57af-6b60-4703-8732-04b4176eb5ae"",""deployment"":""0bb14cd8-95d6-4e01-8857-8dadb1fb3c25"",""replica"":""f179d5f4-6750-4183-a982-4f6b9a13f712""}",2025-09-29T09:05:49.853934649Z